avg_search_length,avg_solution_length,avg_no_solutions,avg_exec_time,avg_cost
67.0,16.666666666666668,0.0,0.003314415613810221,22.333333333333332
